dataset,selector,model,accuracy,balanced_accuracy,f1,auroc,dpd,dpr,equal_opportunity_difference,equalized_odds_difference,mean_selected_mi_sensitive,joint_subset_mi_sensitive,sensitive_attacker_balanced_accuracy,k,lambda_values,selector_runtime_seconds,n_selected_features,selected_features,utility_norm,fairness_norm,tradeoff_score
ACSIncome,BasicFACMIM_k8_lambda0.5,gradient_boosting,0.7933333333333333,0.7840597950892068,0.7433774834437086,0.8808818009185656,0.0699821060320798,0.8368405856532528,0.0314619763438661,0.0314619763438661,0.0125395886102254,0.6608572809917105,0.5941012723203469,8,0.0|0.5|1.0|2.0,2.730010986328125,8,education|hours-per-week|relationship|age|occupation|birthplace|marital-status|class-worker,1.0,0.0,0.5
ACSIncome,CMIM_k8,logistic_regression,0.7646666666666667,0.7661963434022258,0.7286702536510377,0.849185582641465,0.0268373623178521,0.9430743577639372,0.0353819408937519,0.0406123815514477,0.0125395886102254,0.6608572809917105,0.5941012723203469,8,0.0|0.5|1.0|2.0,3.0379228591918945,8,education|hours-per-week|relationship|occupation|age|marital-status|birthplace|class-worker,1.0,1.0,1.0
ACSIncome,mRMR_k8,random_forest,0.8053333333333333,0.7944488606253313,0.7550335570469798,0.8767057498675146,0.055925380179514,0.8642283543134511,0.0636056856529296,0.0636056856529296,0.0125395886102254,0.6608572809917104,0.5941012723203469,8,0.0|0.5|1.0|2.0,1.1907947063446045,8,education|hours-per-week|relationship|occupation|age|class-worker|birthplace|marital-status,1.0,0.9817026489052194,0.9908513244526097
