dataset,selector,model,accuracy,balanced_accuracy,f1,auroc,dpd,dpr,equal_opportunity_difference,equalized_odds_difference,mean_selected_mi_sensitive,joint_subset_mi_sensitive,sensitive_attacker_balanced_accuracy,k,lambda_values,selector_runtime_seconds,n_selected_features,selected_features,utility_norm,fairness_norm,tradeoff_score
COMPAS,CMIM_k8,gradient_boosting,0.6813333333333333,0.6768054457415879,0.6400602409638554,0.7380173873933367,0.2073144408920931,0.5858349089113217,0.2520655308458503,0.2520655308458503,0.0258934080436636,0.5445003816101089,0.6532411156883762,8,0.0|0.5|1.0|2.0,26.906409740448,8,c_charge_desc|priors_count|age|c_charge_degree|age_cat|juv_fel_count|juv_misd_count|juv_other_count,1.0,0.5,0.75
COMPAS,CMIM_k8,logistic_regression,0.6673333333333333,0.6658959362188577,0.6443335709194583,0.7143734238101273,0.2055157171557657,0.6262209054580472,0.2306936999097712,0.2306936999097712,0.0258934080436636,0.5445003816101089,0.6532411156883762,8,0.0|0.5|1.0|2.0,26.906409740448,8,c_charge_desc|priors_count|age|c_charge_degree|age_cat|juv_fel_count|juv_misd_count|juv_other_count,1.0,0.5,0.75
COMPAS,SubsetFACMIM_k8_lambda1.0,random_forest,0.6486666666666666,0.6467362495560343,0.6216798277099784,0.6923705717207667,0.1832484397224615,0.6569374073958949,0.1390938202147797,0.1695829780735801,0.0258934080436636,0.544500381610109,0.6532411156883762,8,0.0|0.5|1.0|2.0,3.302022695541382,8,priors_count|age|juv_fel_count|juv_misd_count|juv_other_count|age_cat|c_charge_degree|c_charge_desc,1.0,0.0,0.5
