dataset,selector,model,accuracy,balanced_accuracy,f1,auroc,dpd,dpr,equal_opportunity_difference,equalized_odds_difference,mean_selected_mi_sensitive,joint_subset_mi_sensitive,sensitive_attacker_balanced_accuracy,k,lambda_values,selector_runtime_seconds,n_selected_features,selected_features,utility_norm,fairness_norm,tradeoff_score
COMPAS,ProxyRank_k8_lambda0.5,gradient_boosting,0.6813333333333333,0.6768054457415879,0.6400602409638554,0.7380780701456923,0.2073144408920931,0.5858349089113217,0.2520655308458503,0.2520655308458503,0.0258934080436636,0.5445003816101088,0.6532411156883762,8,0.0|0.5|1.0|2.0,0.4486849308013916,8,priors_count|c_charge_desc|age|age_cat|c_charge_degree|juv_fel_count|juv_misd_count|juv_other_count,1.0,1.0,1.0
COMPAS,ProxyRank_k8_lambda0.5,logistic_regression,0.6673333333333333,0.6658959362188577,0.6443335709194583,0.7143734238101273,0.2055157171557657,0.6262209054580472,0.2306936999097712,0.2306936999097712,0.0258934080436636,0.5445003816101088,0.6532411156883762,8,0.0|0.5|1.0|2.0,0.4486849308013916,8,priors_count|c_charge_desc|age|age_cat|c_charge_degree|juv_fel_count|juv_misd_count|juv_other_count,1.0,1.0,1.0
COMPAS,ProxyRank_k8_lambda0.5,random_forest,0.646,0.6438074143614657,0.6171593366979091,0.695537675957672,0.1848313166104296,0.6517840385377348,0.1591741414999203,0.1591741414999203,0.0258934080436636,0.5445003816101088,0.6532411156883762,8,0.0|0.5|1.0|2.0,0.4486849308013916,8,priors_count|c_charge_desc|age|age_cat|c_charge_degree|juv_fel_count|juv_misd_count|juv_other_count,0.6666666666666713,1.0,0.8333333333333357
