dataset,selector,model,accuracy,balanced_accuracy,f1,auroc,dpd,dpr,equal_opportunity_difference,equalized_odds_difference,mean_selected_mi_sensitive,joint_subset_mi_sensitive,sensitive_attacker_balanced_accuracy,k,lambda_values,selector_runtime_seconds,n_selected_features,selected_features,utility_norm,fairness_norm,tradeoff_score
ACSIncome,BasicFACMIM_k8_lambda0.5,gradient_boosting,0.7933333333333333,0.7840597950892068,0.7433774834437086,0.8808818009185656,0.0699821060320798,0.8368405856532528,0.0314619763438661,0.0314619763438661,0.0125395886102254,0.6608572809917105,0.5941012723203469,8,0.0|0.5|1.0|2.0,2.730010986328125,8,education|hours-per-week|relationship|age|occupation|birthplace|marital-status|class-worker,1.0,1.0,1.0
ACSIncome,CMIM_k8,logistic_regression,0.7646666666666667,0.7661963434022258,0.7286702536510377,0.849185582641465,0.0268373623178521,0.9430743577639372,0.0353819408937519,0.0406123815514477,0.0125395886102254,0.6608572809917105,0.5941012723203469,8,0.0|0.5|1.0|2.0,3.0379228591918945,8,education|hours-per-week|relationship|occupation|age|marital-status|birthplace|class-worker,1.0,1.0,1.0
ACSIncome,FairmRMR_k8_lambda1.0,random_forest,0.7993333333333333,0.7873498498498499,0.7459915611814346,0.8771298872401814,0.0716494577068799,0.8270747692294363,0.0220199747758802,0.0220199747758802,0.0125395886102254,0.6608572809917105,0.5941012723203469,8,0.0|0.5|1.0|2.0,2.115872859954834,8,education|relationship|hours-per-week|class-worker|age|birthplace|occupation|marital-status,0.4,1.0,0.7
